Accessibility_Prob,Start_Position,21_mer_Sequence,Antisense_siRNA,Ui-Tei_Norm,Reynolds_Norm,Amarzguioui_Norm,Confidence_Score
0.9839,1,ACAGAAGTCCACTCATTCT,AGAAUGAGUGGACUUCUGU,0.8,0.75,0.8,0.7833333333333333
0.9643,2,CAGAAGTCCACTCATTCTT,AAGAAUGAGUGGACUUCUG,1.0,0.6666666666666666,0.8,0.8555555555555555
0.8688,3,AGAAGTCCACTCATTCTTG,CAAGAAUGAGUGGACUUCU,0.6,0.5833333333333334,0.4,0.5611111111111111
0.7925,4,GAAGTCCACTCATTCTTGG,CCAAGAAUGAGUGGACUUC,0.8,0.5833333333333334,0.6,0.6944444444444445
0.7521,5,AAGTCCACTCATTCTTGGC,GCCAAGAAUGAGUGGACUU,0.4,0.4166666666666667,0.2,0.3722222222222223
0.2602,6,AGTCCACTCATTCTTGGCA,UGCCAAGAAUGAGUGGACU,0.6,0.5833333333333334,0.8,0.6277777777777778
0.2105,7,GTCCACTCATTCTTGGCAG,CUGCCAAGAAUGAGUGGAC,0.6,0.4166666666666667,0.6,0.5388888888888889
0.2703,8,TCCACTCATTCTTGGCAGG,CCUGCCAAGAAUGAGUGGA,0.4,0.4166666666666667,0.2,0.3722222222222223
0.3103,9,CCACTCATTCTTGGCAGGA,UCCUGCCAAGAAUGAGUGG,0.8,0.5833333333333334,0.6,0.6944444444444445
0.3506,10,CACTCATTCTTGGCAGGAT,AUCCUGCCAAGAAUGAGUG,0.8,0.5833333333333334,0.8,0.7277777777777779
0.3892,11,ACTCATTCTTGGCAGGATG,CAUCCUGCCAAGAAUGAGU,0.4,0.5,0.2,0.4000000000000001
0.4282,12,CTCATTCTTGGCAGGATGG,CCAUCCUGCCAAGAAUGAG,0.6,0.4166666666666667,0.4,0.5055555555555555
0.4622,13,TCATTCTTGGCAGGATGGC,GCCAUCCUGCCAAGAAUGA,0.4,0.4166666666666667,0.2,0.3722222222222223
0.4586,14,CATTCTTGGCAGGATGGCT,AGCCAUCCUGCCAAGAAUG,0.8,0.4166666666666667,0.6,0.638888888888889
0.4866,15,ATTCTTGGCAGGATGGCTT,AAGCCAUCCUGCCAAGAAU,0.8,0.5,0.4,0.6333333333333334
0.4886,16,TTCTTGGCAGGATGGCTTC,GAAGCCAUCCUGCCAAGAA,0.4,0.4166666666666667,0.2,0.3722222222222223
0.513,17,TCTTGGCAGGATGGCTTCT,AGAAGCCAUCCUGCCAAGA,0.6,0.5,0.6,0.5666666666666667
0.4693,18,CTTGGCAGGATGGCTTCTC,GAGAAGCCAUCCUGCCAAG,0.6,0.3333333333333333,0.6,0.5111111111111111
0.4941,19,TTGGCAGGATGGCTTCTCA,UGAGAAGCCAUCCUGCCAA,0.8,0.75,0.8,0.7833333333333333
0.5351,20,TGGCAGGATGGCTTCTCAT,AUGAGAAGCCAUCCUGCCA,0.8,0.5833333333333334,0.6,0.6944444444444445
0.0558,21,GGCAGGATGGCTTCTCATC,GAUGAGAAGCCAUCCUGCC,0.8,0.4166666666666667,0.6,0.638888888888889
0.0045,22,GCAGGATGGCTTCTCATCG,CGAUGAGAAGCCAUCCUGC,0.6,0.4166666666666667,0.8,0.5722222222222223
0.011,23,CAGGATGGCTTCTCATCGT,ACGAUGAGAAGCCAUCCUG,1.0,0.6666666666666666,0.8,0.8555555555555555
0.0046,24,AGGATGGCTTCTCATCGTC,GACGAUGAGAAGCCAUCCU,0.4,0.5,0.4,0.43333333333333335
0.003,25,GGATGGCTTCTCATCGTCT,AGACGAUGAGAAGCCAUCC,1.0,0.5833333333333334,0.8,0.8277777777777778
0.0019,26,GATGGCTTCTCATCGTCTG,CAGACGAUGAGAAGCCAUC,0.6,0.5,0.6,0.5666666666666667
0.0077,27,ATGGCTTCTCATCGTCTGC,GCAGACGAUGAGAAGCCAU,0.4,0.4166666666666667,0.2,0.3722222222222223
0.0338,28,TGGCTTCTCATCGTCTGCT,AGCAGACGAUGAGAAGCCA,0.6,0.4166666666666667,0.6,0.5388888888888889
0.0046,29,GGCTTCTCATCGTCTGCTC,GAGCAGACGAUGAGAAGCC,0.6,0.4166666666666667,0.4,0.5055555555555555
0.0135,30,GCTTCTCATCGTCTGCTCC,GGAGCAGACGAUGAGAAGC,0.6,0.25,0.4,0.44999999999999996
0.0405,31,CTTCTCATCGTCTGCTCCT,AGGAGCAGACGAUGAGAAG,0.8,0.5,0.6,0.6666666666666666
0.0909,32,TTCTCATCGTCTGCTCCTC,GAGGAGCAGACGAUGAGAA,0.4,0.4166666666666667,0.4,0.4055555555555556
0.1412,33,TCTCATCGTCTGCTCCTCC,GGAGGAGCAGACGAUGAGA,0.4,0.25,0.2,0.3166666666666667
0.1852,34,CTCATCGTCTGCTCCTCCT,AGGAGGAGCAGACGAUGAG,0.8,0.5,0.6,0.6666666666666666
0.1846,35,TCATCGTCTGCTCCTCCTC,GAGGAGGAGCAGACGAUGA,0.4,0.4166666666666667,0.2,0.3722222222222223
0.153,36,CATCGTCTGCTCCTCCTCT,AGAGGAGGAGCAGACGAUG,0.8,0.4166666666666667,0.6,0.638888888888889
0.1842,37,ATCGTCTGCTCCTCCTCTG,CAGAGGAGGAGCAGACGAU,0.4,0.4166666666666667,0.2,0.3722222222222223
0.2093,38,TCGTCTGCTCCTCCTCTGC,GCAGAGGAGGAGCAGACGA,0.4,0.3333333333333333,0.0,0.3111111111111111
0.2366,39,CGTCTGCTCCTCCTCTGCC,GGCAGAGGAGGAGCAGACG,0.6,0.25,0.2,0.4166666666666667
0.2302,40,GTCTGCTCCTCCTCTGCCT,AGGCAGAGGAGGAGCAGAC,0.8,0.5,0.6,0.6666666666666666
0.2741,41,TCTGCTCCTCCTCTGCCTT,AAGGCAGAGGAGGAGCAGA,0.6,0.4166666666666667,0.4,0.5055555555555555
0.2831,42,CTGCTCCTCCTCTGCCTTG,CAAGGCAGAGGAGGAGCAG,0.6,0.3333333333333333,0.4,0.4777777777777777
0.3105,43,TGCTCCTCCTCTGCCTTGC,GCAAGGCAGAGGAGGAGCA,0.4,0.3333333333333333,0.2,0.3444444444444445
0.1618,44,GCTCCTCCTCTGCCTTGCT,AGCAAGGCAGAGGAGGAGC,0.8,0.5,0.6,0.6666666666666666
0.1855,45,CTCCTCCTCTGCCTTGCTG,CAGCAAGGCAGAGGAGGAG,0.6,0.4166666666666667,0.4,0.5055555555555555
0.2099,46,TCCTCCTCTGCCTTGCTGG,CCAGCAAGGCAGAGGAGGA,0.4,0.25,0.0,0.2833333333333334
0.2385,47,CCTCCTCTGCCTTGCTGGA,UCCAGCAAGGCAGAGGAGG,0.8,0.5,0.6,0.6666666666666666
0.2853,48,CTCCTCTGCCTTGCTGGAC,GUCCAGCAAGGCAGAGGAG,0.6,0.25,0.4,0.44999999999999996
0.3079,49,TCCTCTGCCTTGCTGGACT,AGUCCAGCAAGGCAGAGGA,0.6,0.5,0.6,0.5666666666666667
0.3427,50,CCTCTGCCTTGCTGGACTG,CAGUCCAGCAAGGCAGAGG,0.6,0.4166666666666667,0.4,0.5055555555555555
0.3766,51,CTCTGCCTTGCTGGACTGG,CCAGUCCAGCAAGGCAGAG,0.6,0.25,0.2,0.4166666666666667
0.4128,52,TCTGCCTTGCTGGACTGGT,ACCAGUCCAGCAAGGCAGA,0.6,0.3333333333333333,0.4,0.4777777777777777
0.4412,53,CTGCCTTGCTGGACTGGTA,UACCAGUCCAGCAAGGCAG,1.0,0.6666666666666666,0.8,0.8555555555555555
0.1065,54,TGCCTTGCTGGACTGGTAT,AUACCAGUCCAGCAAGGCA,0.8,0.5833333333333334,0.6,0.6944444444444445
0.0157,55,GCCTTGCTGGACTGGTATT,AAUACCAGUCCAGCAAGGC,1.0,0.6666666666666666,0.8,0.8555555555555555
0.0177,56,CCTTGCTGGACTGGTATTT,AAAUACCAGUCCAGCAAGG,1.0,0.6666666666666666,0.8,0.8555555555555555
0.0227,57,CTTGCTGGACTGGTATTTG,CAAAUACCAGUCCAGCAAG,0.8,0.5,0.6,0.6666666666666666
0.0366,58,TTGCTGGACTGGTATTTGT,ACAAAUACCAGUCCAGCAA,0.8,0.75,0.6,0.75
0.0616,59,TGCTGGACTGGTATTTGTG,CACAAAUACCAGUCCAGCA,0.6,0.5,0.4,0.5333333333333333
0.0881,60,GCTGGACTGGTATTTGTGT,ACACAAAUACCAGUCCAGC,1.0,0.5833333333333334,1.0,0.8611111111111112
0.1313,61,CTGGACTGGTATTTGTGTC,GACACAAAUACCAGUCCAG,0.8,0.5,0.6,0.6666666666666666
0.1232,62,TGGACTGGTATTTGTGTCT,AGACACAAAUACCAGUCCA,0.8,0.5833333333333334,0.6,0.6944444444444445
0.0086,63,GGACTGGTATTTGTGTCTG,CAGACACAAAUACCAGUCC,0.6,0.5,0.6,0.5666666666666667
0.0022,64,GACTGGTATTTGTGTCTGA,UCAGACACAAAUACCAGUC,1.0,0.75,0.8,0.8833333333333333
0.004,65,ACTGGTATTTGTGTCTGAG,CUCAGACACAAAUACCAGU,0.4,0.4166666666666667,0.2,0.3722222222222223
0.0084,66,CTGGTATTTGTGTCTGAGG,CCUCAGACACAAAUACCAG,0.6,0.4166666666666667,0.6,0.5388888888888889
0.046,67,TGGTATTTGTGTCTGAGGC,GCCUCAGACACAAAUACCA,0.4,0.4166666666666667,0.2,0.3722222222222223
0.02,68,GGTATTTGTGTCTGAGGCT,AGCCUCAGACACAAAUACC,0.8,0.5,0.6,0.6666666666666666
0.0234,69,GTATTTGTGTCTGAGGCTG,CAGCCUCAGACACAAAUAC,0.6,0.4166666666666667,0.4,0.5055555555555555
0.0333,70,TATTTGTGTCTGAGGCTGG,CCAGCCUCAGACACAAAUA,0.4,0.3333333333333333,0.2,0.3444444444444445
0.0476,71,ATTTGTGTCTGAGGCTGGC,GCCAGCCUCAGACACAAAU,0.4,0.3333333333333333,0.2,0.3444444444444445
0.0665,72,TTTGTGTCTGAGGCTGGCC,GGCCAGCCUCAGACACAAA,0.4,0.16666666666666666,0.2,0.2888888888888889
0.0877,73,TTGTGTCTGAGGCTGGCCC,GGGCCAGCCUCAGACACAA,0.4,0.16666666666666666,0.0,0.2555555555555556
0.1123,74,TGTGTCTGAGGCTGGCCCT,AGGGCCAGCCUCAGACACA,0.6,0.3333333333333333,0.2,0.4444444444444444
0.0342,75,GTGTCTGAGGCTGGCCCTA,UAGGGCCAGCCUCAGACAC,0.8,0.4166666666666667,0.4,0.6055555555555556
0.0626,76,TGTCTGAGGCTGGCCCTAC,GUAGGGCCAGCCUCAGACA,0.4,0.25,0.0,0.2833333333333334
0.0506,77,GTCTGAGGCTGGCCCTACG,CGUAGGGCCAGCCUCAGAC,0.6,0.4166666666666667,0.4,0.5055555555555555
0.0657,78,TCTGAGGCTGGCCCTACGG,CCGUAGGGCCAGCCUCAGA,0.4,0.3333333333333333,0.0,0.3111111111111111
0.0362,79,CTGAGGCTGGCCCTACGGG,CCCGUAGGGCCAGCCUCAG,0.6,0.25,0.2,0.4166666666666667
0.0462,80,TGAGGCTGGCCCTACGGGC,GCCCGUAGGGCCAGCCUCA,0.4,0.25,0.0,0.2833333333333334
0.0301,81,GAGGCTGGCCCTACGGGCA,UGCCCGUAGGGCCAGCCUC,0.8,0.4166666666666667,0.6,0.638888888888889
0.0632,82,AGGCTGGCCCTACGGGCAC,GUGCCCGUAGGGCCAGCCU,0.4,0.25,0.2,0.3166666666666667
0.0188,83,GGCTGGCCCTACGGGCACC,GGUGCCCGUAGGGCCAGCC,0.6,0.25,0.4,0.44999999999999996
0.0223,84,GCTGGCCCTACGGGCACCG,CGGUGCCCGUAGGGCCAGC,0.6,0.16666666666666666,0.2,0.3888888888888889
0.0344,85,CTGGCCCTACGGGCACCGG,CCGGUGCCCGUAGGGCCAG,0.6,0.16666666666666666,0.2,0.3888888888888889
0.0154,86,TGGCCCTACGGGCACCGGT,ACCGGUGCCCGUAGGGCCA,0.6,0.3333333333333333,0.2,0.4444444444444444
0.0157,87,GGCCCTACGGGCACCGGTG,CACCGGUGCCCGUAGGGCC,0.6,0.25,0.2,0.4166666666666667
0.0296,88,GCCCTACGGGCACCGGTGA,UCACCGGUGCCCGUAGGGC,0.8,0.5,0.8,0.7000000000000001
0.0362,89,CCCTACGGGCACCGGTGAA,UUCACCGGUGCCCGUAGGG,0.8,0.5833333333333334,0.6,0.6944444444444445
0.0307,90,CCTACGGGCACCGGTGAAT,AUUCACCGGUGCCCGUAGG,1.0,0.5,0.6,0.7666666666666666
0.0647,91,CTACGGGCACCGGTGAATC,GAUUCACCGGUGCCCGUAG,0.8,0.4166666666666667,0.4,0.6055555555555556
0.0952,92,TACGGGCACCGGTGAATCC,GGAUUCACCGGUGCCCGUA,0.6,0.4166666666666667,0.2,0.47222222222222227
0.1375,93,ACGGGCACCGGTGAATCCA,UGGAUUCACCGGUGCCCGU,0.8,0.5,0.4,0.6333333333333334
0.1772,94,CGGGCACCGGTGAATCCAA,UUGGAUUCACCGGUGCCCG,1.0,0.5833333333333334,0.8,0.8277777777777778
0.0011,95,GGGCACCGGTGAATCCAAG,CUUGGAUUCACCGGUGCCC,0.8,0.4166666666666667,0.4,0.6055555555555556
0.0001,96,GGCACCGGTGAATCCAAGT,ACUUGGAUUCACCGGUGCC,1.0,0.5,0.8,0.7999999999999999
0.0002,97,GCACCGGTGAATCCAAGTG,CACUUGGAUUCACCGGUGC,0.6,0.5,0.6,0.5666666666666667
0.0006,98,CACCGGTGAATCCAAGTGT,ACACUUGGAUUCACCGGUG,1.0,0.5833333333333334,0.8,0.8277777777777778
0.002,99,ACCGGTGAATCCAAGTGTC,GACACUUGGAUUCACCGGU,0.6,0.5,0.4,0.5333333333333333
0.0054,100,CCGGTGAATCCAAGTGTCC,GGACACUUGGAUUCACCGG,0.6,0.3333333333333333,0.4,0.4777777777777777
0.0535,101,CGGTGAATCCAAGTGTCCT,AGGACACUUGGAUUCACCG,0.8,0.4166666666666667,1.0,0.7055555555555557
0.0172,102,GGTGAATCCAAGTGTCCTC,GAGGACACUUGGAUUCACC,0.6,0.4166666666666667,0.8,0.5722222222222223
0.0153,103,GTGAATCCAAGTGTCCTCT,AGAGGACACUUGGAUUCAC,0.8,0.4166666666666667,0.6,0.638888888888889
0.0579,104,TGAATCCAAGTGTCCTCTG,CAGAGGACACUUGGAUUCA,0.4,0.5,0.2,0.4000000000000001
0.0994,105,GAATCCAAGTGTCCTCTGA,UCAGAGGACACUUGGAUUC,0.8,0.8333333333333334,0.6,0.7777777777777778
0.1495,106,AATCCAAGTGTCCTCTGAT,AUCAGAGGACACUUGGAUU,0.8,0.5833333333333334,0.6,0.6944444444444445
0.1997,107,ATCCAAGTGTCCTCTGATG,CAUCAGAGGACACUUGGAU,0.6,0.5833333333333334,0.4,0.5611111111111111
0.249,108,TCCAAGTGTCCTCTGATGG,CCAUCAGAGGACACUUGGA,0.4,0.4166666666666667,0.2,0.3722222222222223
0.0577,109,CCAAGTGTCCTCTGATGGT,ACCAUCAGAGGACACUUGG,1.0,0.6666666666666666,0.8,0.8555555555555555
0.0346,110,CAAGTGTCCTCTGATGGTC,GACCAUCAGAGGACACUUG,0.6,0.5,0.6,0.5666666666666667
0.0838,111,AAGTGTCCTCTGATGGTCA,UGACCAUCAGAGGACACUU,0.8,0.5833333333333334,0.4,0.6611111111111112
0.1209,112,AGTGTCCTCTGATGGTCAA,UUGACCAUCAGAGGACACU,0.8,0.75,0.6,0.75
0.0392,113,GTGTCCTCTGATGGTCAAA,UUUGACCAUCAGAGGACAC,1.0,0.6666666666666666,0.8,0.8555555555555555
0.0202,114,TGTCCTCTGATGGTCAAAG,CUUUGACCAUCAGAGGACA,0.6,0.4166666666666667,0.4,0.5055555555555555
0.0177,115,GTCCTCTGATGGTCAAAGT,ACUUUGACCAUCAGAGGAC,1.0,0.75,0.8,0.8833333333333333
0.029,116,TCCTCTGATGGTCAAAGTT,AACUUUGACCAUCAGAGGA,0.8,0.6666666666666666,0.6,0.7222222222222222
0.019,117,CCTCTGATGGTCAAAGTTC,GAACUUUGACCAUCAGAGG,0.8,0.5,0.6,0.6666666666666666
0.0215,118,CTCTGATGGTCAAAGTTCT,AGAACUUUGACCAUCAGAG,1.0,0.6666666666666666,1.0,0.8888888888888888
0.0656,119,TCTGATGGTCAAAGTTCTA,UAGAACUUUGACCAUCAGA,0.8,0.75,0.6,0.75
0.11,120,CTGATGGTCAAAGTTCTAG,CUAGAACUUUGACCAUCAG,0.8,0.4166666666666667,0.6,0.638888888888889
0.1191,121,TGATGGTCAAAGTTCTAGA,UCUAGAACUUUGACCAUCA,0.8,0.75,0.6,0.75
0.0964,122,GATGGTCAAAGTTCTAGAT,AUCUAGAACUUUGACCAUC,1.0,0.6666666666666666,0.8,0.8555555555555555
0.1084,123,ATGGTCAAAGTTCTAGATG,CAUCUAGAACUUUGACCAU,0.6,0.5,0.2,0.5
0.1221,124,TGGTCAAAGTTCTAGATGC,GCAUCUAGAACUUUGACCA,0.6,0.5,0.6,0.5666666666666667
0.003,125,GGTCAAAGTTCTAGATGCT,AGCAUCUAGAACUUUGACC,1.0,0.6666666666666666,1.0,0.8888888888888888
0.0025,126,GTCAAAGTTCTAGATGCTG,CAGCAUCUAGAACUUUGAC,0.6,0.3333333333333333,0.6,0.5111111111111111
0.0114,127,TCAAAGTTCTAGATGCTGT,ACAGCAUCUAGAACUUUGA,0.8,0.6666666666666666,0.4,0.688888888888889
0.0192,128,CAAAGTTCTAGATGCTGTC,GACAGCAUCUAGAACUUUG,0.6,0.5,0.4,0.5333333333333333
0.0523,129,AAAGTTCTAGATGCTGTCC,GGACAGCAUCUAGAACUUU,0.4,0.4166666666666667,0.2,0.3722222222222223
0.1036,130,AAGTTCTAGATGCTGTCCG,CGGACAGCAUCUAGAACUU,0.4,0.3333333333333333,0.2,0.3444444444444445
0.1011,131,AGTTCTAGATGCTGTCCGA,UCGGACAGCAUCUAGAACU,0.6,0.6666666666666666,0.4,0.5888888888888888
0.0985,132,GTTCTAGATGCTGTCCGAG,CUCGGACAGCAUCUAGAAC,0.6,0.25,0.6,0.48333333333333334
0.0978,133,TTCTAGATGCTGTCCGAGG,CCUCGGACAGCAUCUAGAA,0.4,0.3333333333333333,0.2,0.3444444444444445
0.1206,134,TCTAGATGCTGTCCGAGGC,GCCUCGGACAGCAUCUAGA,0.4,0.3333333333333333,0.4,0.37777777777777777
0.1515,135,CTAGATGCTGTCCGAGGCA,UGCCUCGGACAGCAUCUAG,0.8,0.5833333333333334,0.6,0.6944444444444445
0.1309,136,TAGATGCTGTCCGAGGCAG,CUGCCUCGGACAGCAUCUA,0.4,0.25,0.2,0.3166666666666667
0.0991,137,AGATGCTGTCCGAGGCAGT,ACUGCCUCGGACAGCAUCU,0.6,0.5,0.4,0.5333333333333333
0.0858,138,GATGCTGTCCGAGGCAGTC,GACUGCCUCGGACAGCAUC,0.6,0.25,0.2,0.4166666666666667
0.1032,139,ATGCTGTCCGAGGCAGTCC,GGACUGCCUCGGACAGCAU,0.4,0.25,0.0,0.2833333333333334
0.102,140,TGCTGTCCGAGGCAGTCCT,AGGACUGCCUCGGACAGCA,0.6,0.4166666666666667,0.4,0.5055555555555555
0.0292,141,GCTGTCCGAGGCAGTCCTG,CAGGACUGCCUCGGACAGC,0.6,0.3333333333333333,0.2,0.4444444444444444
0.0318,142,CTGTCCGAGGCAGTCCTGC,GCAGGACUGCCUCGGACAG,0.6,0.16666666666666666,0.2,0.3888888888888889
0.0411,143,TGTCCGAGGCAGTCCTGCC,GGCAGGACUGCCUCGGACA,0.4,0.25,0.0,0.2833333333333334
0.0479,144,GTCCGAGGCAGTCCTGCCA,UGGCAGGACUGCCUCGGAC,0.8,0.5,0.8,0.7000000000000001
0.0535,145,TCCGAGGCAGTCCTGCCAT,AUGGCAGGACUGCCUCGGA,0.6,0.4166666666666667,0.4,0.5055555555555555
0.0551,146,CCGAGGCAGTCCTGCCATC,GAUGGCAGGACUGCCUCGG,0.6,0.4166666666666667,0.4,0.5055555555555555
0.0815,147,CGAGGCAGTCCTGCCATCA,UGAUGGCAGGACUGCCUCG,0.8,0.5833333333333334,0.6,0.6944444444444445
0.0659,148,GAGGCAGTCCTGCCATCAA,UUGAUGGCAGGACUGCCUC,1.0,0.6666666666666666,1.0,0.8888888888888888
0.0835,149,AGGCAGTCCTGCCATCAAT,AUUGAUGGCAGGACUGCCU,0.8,0.75,0.6,0.75
0.0178,150,GGCAGTCCTGCCATCAATG,CAUUGAUGGCAGGACUGCC,0.8,0.4166666666666667,0.6,0.638888888888889
0.0149,151,GCAGTCCTGCCATCAATGT,ACAUUGAUGGCAGGACUGC,1.0,0.75,0.8,0.8833333333333333
0.0034,152,CAGTCCTGCCATCAATGTG,CACAUUGAUGGCAGGACUG,0.8,0.5,0.6,0.6666666666666666
0.0122,153,AGTCCTGCCATCAATGTGG,CCACAUUGAUGGCAGGACU,0.6,0.4166666666666667,0.4,0.5055555555555555
0.0359,154,GTCCTGCCATCAATGTGGC,GCCACAUUGAUGGCAGGAC,0.6,0.3333333333333333,0.6,0.5111111111111111
0.0575,155,TCCTGCCATCAATGTGGCC,GGCCACAUUGAUGGCAGGA,0.4,0.25,0.2,0.3166666666666667
0.0945,156,CCTGCCATCAATGTGGCCG,CGGCCACAUUGAUGGCAGG,0.6,0.08333333333333333,0.4,0.39444444444444443
0.1066,157,CTGCCATCAATGTGGCCGT,ACGGCCACAUUGAUGGCAG,0.8,0.3333333333333333,0.8,0.6444444444444445
0.0886,158,TGCCATCAATGTGGCCGTG,CACGGCCACAUUGAUGGCA,0.4,0.25,0.2,0.3166666666666667
0.0485,159,GCCATCAATGTGGCCGTGC,GCACGGCCACAUUGAUGGC,0.6,0.16666666666666666,0.2,0.3888888888888889
0.0553,160,CCATCAATGTGGCCGTGCA,UGCACGGCCACAUUGAUGG,0.8,0.6666666666666666,0.8,0.7555555555555555
0.0361,161,CATCAATGTGGCCGTGCAT,AUGCACGGCCACAUUGAUG,0.8,0.5833333333333334,0.8,0.7277777777777779
0.0477,162,ATCAATGTGGCCGTGCATG,CAUGCACGGCCACAUUGAU,0.4,0.3333333333333333,0.2,0.3444444444444445
0.0531,163,TCAATGTGGCCGTGCATGT,ACAUGCACGGCCACAUUGA,0.8,0.6666666666666666,0.4,0.688888888888889
0.0744,164,CAATGTGGCCGTGCATGTG,CACAUGCACGGCCACAUUG,0.6,0.4166666666666667,0.4,0.5055555555555555
0.1089,165,AATGTGGCCGTGCATGTGT,ACACAUGCACGGCCACAUU,0.8,0.5833333333333334,0.6,0.6944444444444445
0.1538,166,ATGTGGCCGTGCATGTGTT,AACACAUGCACGGCCACAU,0.8,0.6666666666666666,0.6,0.7222222222222222
0.1405,167,TGTGGCCGTGCATGTGTTC,GAACACAUGCACGGCCACA,0.6,0.4166666666666667,0.4,0.5055555555555555
0.0361,168,GTGGCCGTGCATGTGTTCA,UGAACACAUGCACGGCCAC,1.0,0.5,0.8,0.7999999999999999
0.0237,169,TGGCCGTGCATGTGTTCAG,CUGAACACAUGCACGGCCA,0.6,0.4166666666666667,0.4,0.5055555555555555
0.0064,170,GGCCGTGCATGTGTTCAGA,UCUGAACACAUGCACGGCC,1.0,0.5833333333333334,0.8,0.8277777777777778
0.0081,171,GCCGTGCATGTGTTCAGAA,UUCUGAACACAUGCACGGC,1.0,0.6666666666666666,0.8,0.8555555555555555
0.0037,172,CCGTGCATGTGTTCAGAAA,UUUCUGAACACAUGCACGG,1.0,0.8333333333333334,0.8,0.9111111111111111
0.0178,173,CGTGCATGTGTTCAGAAAG,CUUUCUGAACACAUGCACG,0.8,0.5,0.8,0.7000000000000001
0.0322,174,GTGCATGTGTTCAGAAAGG,CCUUUCUGAACACAUGCAC,0.8,0.5833333333333334,0.6,0.6944444444444445
0.0494,175,TGCATGTGTTCAGAAAGGC,GCCUUUCUGAACACAUGCA,0.4,0.4166666666666667,0.2,0.3722222222222223
0.0526,176,GCATGTGTTCAGAAAGGCT,AGCCUUUCUGAACACAUGC,1.0,0.5833333333333334,0.6,0.7944444444444444
0.04,177,CATGTGTTCAGAAAGGCTG,CAGCCUUUCUGAACACAUG,0.6,0.3333333333333333,0.4,0.4777777777777777
0.0636,178,ATGTGTTCAGAAAGGCTGC,GCAGCCUUUCUGAACACAU,0.4,0.3333333333333333,0.2,0.3444444444444445
0.0607,179,TGTGTTCAGAAAGGCTGCT,AGCAGCCUUUCUGAACACA,0.6,0.4166666666666667,0.4,0.5055555555555555
0.0774,180,GTGTTCAGAAAGGCTGCTG,CAGCAGCCUUUCUGAACAC,0.6,0.3333333333333333,0.4,0.4777777777777777
0.0532,181,TGTTCAGAAAGGCTGCTGA,UCAGCAGCCUUUCUGAACA,0.6,0.5833333333333334,0.6,0.5944444444444444
0.0926,182,GTTCAGAAAGGCTGCTGAT,AUCAGCAGCCUUUCUGAAC,1.0,0.5833333333333334,0.6,0.7944444444444444
0.0856,183,TTCAGAAAGGCTGCTGATG,CAUCAGCAGCCUUUCUGAA,0.4,0.4166666666666667,0.4,0.4055555555555556
0.0978,184,TCAGAAAGGCTGCTGATGA,UCAUCAGCAGCCUUUCUGA,0.8,0.75,0.6,0.75
0.0501,185,CAGAAAGGCTGCTGATGAC,GUCAUCAGCAGCCUUUCUG,0.8,0.5833333333333334,0.8,0.7277777777777779
0.056,186,AGAAAGGCTGCTGATGACA,UGUCAUCAGCAGCCUUUCU,0.8,0.6666666666666666,0.4,0.688888888888889
0.0631,187,GAAAGGCTGCTGATGACAC,GUGUCAUCAGCAGCCUUUC,0.8,0.5,0.6,0.6666666666666666
0.0917,188,AAAGGCTGCTGATGACACC,GGUGUCAUCAGCAGCCUUU,0.4,0.5833333333333334,0.4,0.4611111111111112
0.1282,189,AAGGCTGCTGATGACACCT,AGGUGUCAUCAGCAGCCUU,0.6,0.4166666666666667,0.6,0.5388888888888889
0.1512,190,AGGCTGCTGATGACACCTG,CAGGUGUCAUCAGCAGCCU,0.4,0.3333333333333333,0.4,0.37777777777777777
0.0418,191,GGCTGCTGATGACACCTGG,CCAGGUGUCAUCAGCAGCC,0.6,0.3333333333333333,0.4,0.4777777777777777
0.039,192,GCTGCTGATGACACCTGGG,CCCAGGUGUCAUCAGCAGC,0.6,0.25,0.2,0.4166666666666667
0.0384,193,CTGCTGATGACACCTGGGA,UCCCAGGUGUCAUCAGCAG,0.8,0.5,0.6,0.6666666666666666
0.0416,194,TGCTGATGACACCTGGGAG,CUCCCAGGUGUCAUCAGCA,0.4,0.25,0.4,0.35000000000000003
0.0714,195,GCTGATGACACCTGGGAGC,GCUCCCAGGUGUCAUCAGC,0.6,0.25,0.2,0.4166666666666667
0.003,196,CTGATGACACCTGGGAGCC,GGCUCCCAGGUGUCAUCAG,0.6,0.16666666666666666,0.2,0.3888888888888889
0.01,197,TGATGACACCTGGGAGCCA,UGGCUCCCAGGUGUCAUCA,0.6,0.5,0.6,0.5666666666666667
0.0179,198,GATGACACCTGGGAGCCAT,AUGGCUCCCAGGUGUCAUC,0.8,0.4166666666666667,0.6,0.638888888888889
0.0498,199,ATGACACCTGGGAGCCATT,AAUGGCUCCCAGGUGUCAU,0.8,0.5833333333333334,0.6,0.6944444444444445
0.0811,200,TGACACCTGGGAGCCATTT,AAAUGGCUCCCAGGUGUCA,0.8,0.6666666666666666,0.6,0.7222222222222222
0.0996,201,GACACCTGGGAGCCATTTG,CAAAUGGCUCCCAGGUGUC,0.8,0.5,0.6,0.6666666666666666
0.1355,202,ACACCTGGGAGCCATTTGC,GCAAAUGGCUCCCAGGUGU,0.6,0.5,0.4,0.5333333333333333
0.1558,203,CACCTGGGAGCCATTTGCC,GGCAAAUGGCUCCCAGGUG,0.8,0.3333333333333333,0.4,0.5777777777777778
0.1952,204,ACCTGGGAGCCATTTGCCT,AGGCAAAUGGCUCCCAGGU,0.8,0.4166666666666667,0.6,0.638888888888889
0.2034,205,CCTGGGAGCCATTTGCCTC,GAGGCAAAUGGCUCCCAGG,0.6,0.25,0.4,0.44999999999999996
0.2129,206,CTGGGAGCCATTTGCCTCT,AGAGGCAAAUGGCUCCCAG,0.8,0.4166666666666667,1.0,0.7055555555555557
0.076,207,TGGGAGCCATTTGCCTCTG,CAGAGGCAAAUGGCUCCCA,0.4,0.3333333333333333,0.4,0.37777777777777777
0.0322,208,GGGAGCCATTTGCCTCTGG,CCAGAGGCAAAUGGCUCCC,0.6,0.4166666666666667,0.4,0.5055555555555555
0.0146,209,GGAGCCATTTGCCTCTGGG,CCCAGAGGCAAAUGGCUCC,0.6,0.4166666666666667,0.2,0.47222222222222227
0.0389,210,GAGCCATTTGCCTCTGGGA,UCCCAGAGGCAAAUGGCUC,0.8,0.5,0.8,0.7000000000000001
0.0197,211,AGCCATTTGCCTCTGGGAA,UUCCCAGAGGCAAAUGGCU,0.6,0.5833333333333334,0.4,0.5611111111111111
0.0152,212,GCCATTTGCCTCTGGGAAA,UUUCCCAGAGGCAAAUGGC,1.0,0.6666666666666666,0.8,0.8555555555555555
0.0159,213,CCATTTGCCTCTGGGAAAA,UUUUCCCAGAGGCAAAUGG,1.0,0.75,0.8,0.8833333333333333
0.0255,214,CATTTGCCTCTGGGAAAAC,GUUUUCCCAGAGGCAAAUG,0.8,0.4166666666666667,0.4,0.6055555555555556
0.0692,215,ATTTGCCTCTGGGAAAACC,GGUUUUCCCAGAGGCAAAU,0.6,0.4166666666666667,0.2,0.47222222222222227
0.0985,216,TTTGCCTCTGGGAAAACCA,UGGUUUUCCCAGAGGCAAA,0.8,0.5833333333333334,0.4,0.6611111111111112
0.1204,217,TTGCCTCTGGGAAAACCAG,CUGGUUUUCCCAGAGGCAA,0.6,0.3333333333333333,0.4,0.4777777777777777
0.1505,218,TGCCTCTGGGAAAACCAGT,ACUGGUUUUCCCAGAGGCA,0.8,0.4166666666666667,0.6,0.638888888888889
0.1204,219,GCCTCTGGGAAAACCAGTG,CACUGGUUUUCCCAGAGGC,0.6,0.25,0.6,0.48333333333333334
0.112,220,CCTCTGGGAAAACCAGTGA,UCACUGGUUUUCCCAGAGG,0.8,0.5833333333333334,0.8,0.7277777777777779
0.0375,221,CTCTGGGAAAACCAGTGAG,CUCACUGGUUUUCCCAGAG,0.6,0.3333333333333333,0.6,0.5111111111111111
0.0602,222,TCTGGGAAAACCAGTGAGT,ACUCACUGGUUUUCCCAGA,0.8,0.5,0.4,0.6333333333333334
0.0163,223,CTGGGAAAACCAGTGAGTC,GACUCACUGGUUUUCCCAG,0.6,0.25,0.6,0.48333333333333334
0.0211,224,TGGGAAAACCAGTGAGTCT,AGACUCACUGGUUUUCCCA,0.8,0.5,0.6,0.6666666666666666
0.0183,225,GGGAAAACCAGTGAGTCTG,CAGACUCACUGGUUUUCCC,0.6,0.25,0.8,0.5166666666666666
0.0151,226,GGAAAACCAGTGAGTCTGG,CCAGACUCACUGGUUUUCC,0.6,0.4166666666666667,0.6,0.5388888888888889
0.0557,227,GAAAACCAGTGAGTCTGGA,UCCAGACUCACUGGUUUUC,0.8,0.5833333333333334,0.6,0.6944444444444445
0.103,228,AAAACCAGTGAGTCTGGAG,CUCCAGACUCACUGGUUUU,0.4,0.4166666666666667,0.2,0.3722222222222223
0.1532,229,AAACCAGTGAGTCTGGAGA,UCUCCAGACUCACUGGUUU,0.6,0.6666666666666666,0.6,0.6222222222222221
0.204,230,AACCAGTGAGTCTGGAGAG,CUCUCCAGACUCACUGGUU,0.4,0.4166666666666667,0.2,0.3722222222222223
0.253,231,ACCAGTGAGTCTGGAGAGC,GCUCUCCAGACUCACUGGU,0.4,0.3333333333333333,0.2,0.3444444444444445
0.0219,232,CCAGTGAGTCTGGAGAGCT,AGCUCUCCAGACUCACUGG,0.8,0.4166666666666667,0.6,0.638888888888889
0.0116,233,CAGTGAGTCTGGAGAGCTG,CAGCUCUCCAGACUCACUG,0.6,0.4166666666666667,0.6,0.5388888888888889
0.0137,234,AGTGAGTCTGGAGAGCTGC,GCAGCUCUCCAGACUCACU,0.4,0.16666666666666666,0.2,0.2888888888888889
0.0119,235,GTGAGTCTGGAGAGCTGCA,UGCAGCUCUCCAGACUCAC,0.8,0.5,0.6,0.6666666666666666
0.043,236,TGAGTCTGGAGAGCTGCAT,AUGCAGCUCUCCAGACUCA,0.6,0.5833333333333334,0.6,0.5944444444444444
0.0296,237,GAGTCTGGAGAGCTGCATG,CAUGCAGCUCUCCAGACUC,0.6,0.3333333333333333,0.4,0.4777777777777777
0.0575,238,AGTCTGGAGAGCTGCATGG,CCAUGCAGCUCUCCAGACU,0.4,0.3333333333333333,0.2,0.3444444444444445
0.0659,239,GTCTGGAGAGCTGCATGGG,CCCAUGCAGCUCUCCAGAC,0.6,0.25,0.2,0.4166666666666667
0.0462,240,TCTGGAGAGCTGCATGGGC,GCCCAUGCAGCUCUCCAGA,0.4,0.25,0.2,0.3166666666666667
0.0322,241,CTGGAGAGCTGCATGGGCT,AGCCCAUGCAGCUCUCCAG,0.8,0.4166666666666667,0.6,0.638888888888889
0.019,242,TGGAGAGCTGCATGGGCTC,GAGCCCAUGCAGCUCUCCA,0.4,0.25,0.2,0.3166666666666667
0.0187,243,GGAGAGCTGCATGGGCTCA,UGAGCCCAUGCAGCUCUCC,0.8,0.5,0.6,0.6666666666666666
0.0239,244,GAGAGCTGCATGGGCTCAC,GUGAGCCCAUGCAGCUCUC,0.6,0.25,0.4,0.44999999999999996
0.0465,245,AGAGCTGCATGGGCTCACA,UGUGAGCCCAUGCAGCUCU,0.6,0.6666666666666666,0.4,0.5888888888888888
0.0411,246,GAGCTGCATGGGCTCACAA,UUGUGAGCCCAUGCAGCUC,1.0,0.5833333333333334,0.6,0.7944444444444444
0.0285,247,AGCTGCATGGGCTCACAAC,GUUGUGAGCCCAUGCAGCU,0.6,0.4166666666666667,0.2,0.47222222222222227
0.0488,248,GCTGCATGGGCTCACAACT,AGUUGUGAGCCCAUGCAGC,1.0,0.5,1.0,0.8333333333333334
0.0721,249,CTGCATGGGCTCACAACTG,CAGUUGUGAGCCCAUGCAG,0.8,0.4166666666666667,0.6,0.638888888888889
0.033,250,TGCATGGGCTCACAACTGA,UCAGUUGUGAGCCCAUGCA,0.8,0.75,0.6,0.75
0.0532,251,GCATGGGCTCACAACTGAG,CUCAGUUGUGAGCCCAUGC,0.8,0.4166666666666667,0.6,0.638888888888889
0.0584,252,CATGGGCTCACAACTGAGG,CCUCAGUUGUGAGCCCAUG,0.6,0.3333333333333333,0.6,0.5111111111111111
0.082,253,ATGGGCTCACAACTGAGGA,UCCUCAGUUGUGAGCCCAU,0.6,0.5833333333333334,0.6,0.5944444444444444
0.0947,254,TGGGCTCACAACTGAGGAG,CUCCUCAGUUGUGAGCCCA,0.4,0.3333333333333333,0.4,0.37777777777777777
0.1119,255,GGGCTCACAACTGAGGAGG,CCUCCUCAGUUGUGAGCCC,0.6,0.16666666666666666,0.4,0.4222222222222222
0.0185,256,GGCTCACAACTGAGGAGGA,UCCUCCUCAGUUGUGAGCC,0.8,0.5,0.8,0.7000000000000001
0.02,257,GCTCACAACTGAGGAGGAA,UUCCUCCUCAGUUGUGAGC,0.8,0.6666666666666666,0.8,0.7555555555555555
0.0051,258,CTCACAACTGAGGAGGAAT,AUUCCUCCUCAGUUGUGAG,1.0,0.5,0.8,0.7999999999999999
0.0185,259,TCACAACTGAGGAGGAATT,AAUUCCUCCUCAGUUGUGA,0.8,0.75,0.8,0.7833333333333333
0.0045,260,CACAACTGAGGAGGAATTT,AAAUUCCUCCUCAGUUGUG,1.0,0.6666666666666666,0.8,0.8555555555555555
0.0288,261,ACAACTGAGGAGGAATTTG,CAAAUUCCUCCUCAGUUGU,0.6,0.5833333333333334,0.4,0.5611111111111111
0.0445,262,CAACTGAGGAGGAATTTGT,ACAAAUUCCUCCUCAGUUG,1.0,0.75,0.8,0.8833333333333333
0.0797,263,AACTGAGGAGGAATTTGTA,UACAAAUUCCUCCUCAGUU,0.8,0.75,0.8,0.7833333333333333
0.1292,264,ACTGAGGAGGAATTTGTAG,CUACAAAUUCCUCCUCAGU,0.6,0.5,0.4,0.5333333333333333
0.112,265,CTGAGGAGGAATTTGTAGA,UCUACAAAUUCCUCCUCAG,1.0,0.6666666666666666,0.8,0.8555555555555555
0.1054,266,TGAGGAGGAATTTGTAGAA,UUCUACAAAUUCCUCCUCA,0.8,0.8333333333333334,0.8,0.8111111111111112
0.1224,267,GAGGAGGAATTTGTAGAAG,CUUCUACAAAUUCCUCCUC,0.8,0.5,0.6,0.6666666666666666
0.1465,268,AGGAGGAATTTGTAGAAGG,CCUUCUACAAAUUCCUCCU,0.6,0.5,0.4,0.5333333333333333
0.1525,269,GGAGGAATTTGTAGAAGGG,CCCUUCUACAAAUUCCUCC,0.6,0.5833333333333334,0.6,0.5944444444444444
0.176,270,GAGGAATTTGTAGAAGGGA,UCCCUUCUACAAAUUCCUC,0.8,0.5,0.8,0.7000000000000001
0.1549,271,AGGAATTTGTAGAAGGGAT,AUCCCUUCUACAAAUUCCU,0.8,0.5833333333333334,0.4,0.6611111111111112
0.1445,272,GGAATTTGTAGAAGGGATA,UAUCCCUUCUACAAAUUCC,1.0,0.75,0.6,0.85
0.1785,273,GAATTTGTAGAAGGGATAT,AUAUCCCUUCUACAAAUUC,1.0,0.6666666666666666,0.4,0.7888888888888889
0.22,274,AATTTGTAGAAGGGATATA,UAUAUCCCUUCUACAAAUU,0.8,0.6666666666666666,0.2,0.6555555555555556
0.2552,275,ATTTGTAGAAGGGATATAC,GUAUAUCCCUUCUACAAAU,0.6,0.5,0.0,0.4666666666666666
0.1299,276,TTTGTAGAAGGGATATACA,UGUAUAUCCCUUCUACAAA,0.8,0.75,0.4,0.7166666666666668
0.0822,277,TTGTAGAAGGGATATACAA,UUGUAUAUCCCUUCUACAA,0.8,0.75,0.4,0.7166666666666668
0.0628,278,TGTAGAAGGGATATACAAA,UUUGUAUAUCCCUUCUACA,0.8,0.75,0.6,0.75
0.0611,279,GTAGAAGGGATATACAAAG,CUUUGUAUAUCCCUUCUAC,0.8,0.5833333333333334,0.8,0.7277777777777779
0.0637,280,TAGAAGGGATATACAAAGT,ACUUUGUAUAUCCCUUCUA,0.8,0.75,0.4,0.7166666666666668
0.0721,281,AGAAGGGATATACAAAGTG,CACUUUGUAUAUCCCUUCU,0.6,0.5833333333333334,0.4,0.5611111111111111
0.1053,282,GAAGGGATATACAAAGTGG,CCACUUUGUAUAUCCCUUC,0.8,0.5833333333333334,0.6,0.6944444444444445
0.1472,283,AAGGGATATACAAAGTGGA,UCCACUUUGUAUAUCCCUU,0.8,0.5833333333333334,0.6,0.6944444444444445
0.1853,284,AGGGATATACAAAGTGGAA,UUCCACUUUGUAUAUCCCU,0.8,0.6666666666666666,0.4,0.688888888888889
0.1776,285,GGGATATACAAAGTGGAAA,UUUCCACUUUGUAUAUCCC,1.0,0.5833333333333334,1.0,0.8611111111111112
0.207,286,GGATATACAAAGTGGAAAT,AUUUCCACUUUGUAUAUCC,1.0,0.75,0.6,0.85
0.2445,287,GATATACAAAGTGGAAATA,UAUUUCCACUUUGUAUAUC,1.0,0.6666666666666666,0.6,0.8222222222222221
0.2833,288,ATATACAAAGTGGAAATAG,CUAUUUCCACUUUGUAUAU,0.6,0.5,0.0,0.4666666666666666
0.312,289,TATACAAAGTGGAAATAGA,UCUAUUUCCACUUUGUAUA,0.8,0.75,0.4,0.7166666666666668
0.3509,290,ATACAAAGTGGAAATAGAC,GUCUAUUUCCACUUUGUAU,0.6,0.5833333333333334,0.2,0.5277777777777778
0.0669,291,TACAAAGTGGAAATAGACA,UGUCUAUUUCCACUUUGUA,0.8,0.6666666666666666,0.6,0.7222222222222222
0.0725,292,ACAAAGTGGAAATAGACAC,GUGUCUAUUUCCACUUUGU,0.6,0.5,0.4,0.5333333333333333
0.0602,293,CAAAGTGGAAATAGACACC,GGUGUCUAUUUCCACUUUG,0.6,0.5,0.6,0.5666666666666667
0.0741,294,AAAGTGGAAATAGACACCA,UGGUGUCUAUUUCCACUUU,0.6,0.5833333333333334,0.4,0.5611111111111111
0.0634,295,AAGTGGAAATAGACACCAA,UUGGUGUCUAUUUCCACUU,0.8,0.75,0.4,0.7166666666666668
0.0736,296,AGTGGAAATAGACACCAAA,UUUGGUGUCUAUUUCCACU,0.8,0.6666666666666666,0.6,0.7222222222222222
0.0242,297,GTGGAAATAGACACCAAAT,AUUUGGUGUCUAUUUCCAC,1.0,0.6666666666666666,0.8,0.8555555555555555
0.0196,298,TGGAAATAGACACCAAATC,GAUUUGGUGUCUAUUUCCA,0.6,0.5833333333333334,0.4,0.5611111111111111
0.0245,299,GGAAATAGACACCAAATCT,AGAUUUGGUGUCUAUUUCC,1.0,0.75,0.6,0.85
0.0662,300,GAAATAGACACCAAATCTT,AAGAUUUGGUGUCUAUUUC,1.0,0.75,0.8,0.8833333333333333
0.1116,301,AAATAGACACCAAATCTTA,UAAGAUUUGGUGUCUAUUU,0.8,0.75,0.2,0.6833333333333335
0.1581,302,AATAGACACCAAATCTTAC,GUAAGAUUUGGUGUCUAUU,0.6,0.5,0.4,0.5333333333333333
0.2067,303,ATAGACACCAAATCTTACT,AGUAAGAUUUGGUGUCUAU,0.8,0.75,0.4,0.7166666666666668
0.2305,304,TAGACACCAAATCTTACTG,CAGUAAGAUUUGGUGUCUA,0.6,0.5,0.6,0.5666666666666667
0.2487,305,AGACACCAAATCTTACTGG,CCAGUAAGAUUUGGUGUCU,0.6,0.5,0.4,0.5333333333333333
0.2827,306,GACACCAAATCTTACTGGA,UCCAGUAAGAUUUGGUGUC,1.0,0.6666666666666666,0.8,0.8555555555555555
0.295,307,ACACCAAATCTTACTGGAA,UUCCAGUAAGAUUUGGUGU,0.8,0.75,0.6,0.75
0.1242,308,CACCAAATCTTACTGGAAG,CUUCCAGUAAGAUUUGGUG,0.6,0.5,0.8,0.6
0.1514,309,ACCAAATCTTACTGGAAGG,CCUUCCAGUAAGAUUUGGU,0.4,0.5,0.4,0.43333333333333335
0.0603,310,CCAAATCTTACTGGAAGGC,GCCUUCCAGUAAGAUUUGG,0.6,0.4166666666666667,0.4,0.5055555555555555
0.0856,311,CAAATCTTACTGGAAGGCA,UGCCUUCCAGUAAGAUUUG,0.8,0.5833333333333334,0.6,0.6944444444444445
0.118,312,AAATCTTACTGGAAGGCAC,GUGCCUUCCAGUAAGAUUU,0.4,0.5,0.2,0.4000000000000001
0.1598,313,AATCTTACTGGAAGGCACT,AGUGCCUUCCAGUAAGAUU,0.6,0.5,0.4,0.5333333333333333
0.1966,314,ATCTTACTGGAAGGCACTT,AAGUGCCUUCCAGUAAGAU,0.6,0.5,0.6,0.5666666666666667
0.1845,315,TCTTACTGGAAGGCACTTG,CAAGUGCCUUCCAGUAAGA,0.4,0.4166666666666667,0.2,0.3722222222222223
0.1173,316,CTTACTGGAAGGCACTTGG,CCAAGUGCCUUCCAGUAAG,0.6,0.4166666666666667,0.4,0.5055555555555555
0.1278,317,TTACTGGAAGGCACTTGGC,GCCAAGUGCCUUCCAGUAA,0.4,0.5,0.2,0.4000000000000001
0.1463,318,TACTGGAAGGCACTTGGCA,UGCCAAGUGCCUUCCAGUA,0.6,0.5833333333333334,0.4,0.5611111111111111
0.1799,319,ACTGGAAGGCACTTGGCAT,AUGCCAAGUGCCUUCCAGU,0.8,0.5,0.8,0.7000000000000001
0.1173,320,CTGGAAGGCACTTGGCATC,GAUGCCAAGUGCCUUCCAG,0.6,0.3333333333333333,0.8,0.5444444444444444
0.0828,321,TGGAAGGCACTTGGCATCT,AGAUGCCAAGUGCCUUCCA,0.6,0.5,0.6,0.5666666666666667
0.0652,322,GGAAGGCACTTGGCATCTC,GAGAUGCCAAGUGCCUUCC,0.6,0.5,0.6,0.5666666666666667
0.0751,323,GAAGGCACTTGGCATCTCC,GGAGAUGCCAAGUGCCUUC,0.6,0.5,0.4,0.5333333333333333
0.071,324,AAGGCACTTGGCATCTCCC,GGGAGAUGCCAAGUGCCUU,0.4,0.25,0.4,0.35000000000000003
0.0848,325,AGGCACTTGGCATCTCCCC,GGGGAGAUGCCAAGUGCCU,0.4,0.16666666666666666,0.0,0.2555555555555556
0.0816,326,GGCACTTGGCATCTCCCCA,UGGGGAGAUGCCAAGUGCC,0.8,0.3333333333333333,0.6,0.6111111111111112
0.0922,327,GCACTTGGCATCTCCCCAT,AUGGGGAGAUGCCAAGUGC,0.8,0.4166666666666667,0.8,0.6722222222222224
0.0459,328,CACTTGGCATCTCCCCATT,AAUGGGGAGAUGCCAAGUG,0.8,0.5833333333333334,0.8,0.7277777777777779
0.0721,329,ACTTGGCATCTCCCCATTC,GAAUGGGGAGAUGCCAAGU,0.4,0.4166666666666667,0.2,0.3722222222222223
0.0855,330,CTTGGCATCTCCCCATTCC,GGAAUGGGGAGAUGCCAAG,0.6,0.4166666666666667,0.4,0.5055555555555555
0.0759,331,TTGGCATCTCCCCATTCCA,UGGAAUGGGGAGAUGCCAA,0.8,0.5833333333333334,0.6,0.6944444444444445
0.0736,332,TGGCATCTCCCCATTCCAT,AUGGAAUGGGGAGAUGCCA,0.8,0.5,0.6,0.6666666666666666
0.075,333,GGCATCTCCCCATTCCATG,CAUGGAAUGGGGAGAUGCC,0.8,0.25,0.6,0.5833333333333334
0.0423,334,GCATCTCCCCATTCCATGA,UCAUGGAAUGGGGAGAUGC,1.0,0.6666666666666666,0.8,0.8555555555555555
0.067,335,CATCTCCCCATTCCATGAG,CUCAUGGAAUGGGGAGAUG,0.6,0.4166666666666667,0.6,0.5388888888888889
0.0813,336,ATCTCCCCATTCCATGAGC,GCUCAUGGAAUGGGGAGAU,0.4,0.4166666666666667,0.4,0.4055555555555556
0.0774,337,TCTCCCCATTCCATGAGCA,UGCUCAUGGAAUGGGGAGA,0.8,0.5833333333333334,0.6,0.6944444444444445
0.0875,338,CTCCCCATTCCATGAGCAT,AUGCUCAUGGAAUGGGGAG,1.0,0.5,0.8,0.7999999999999999
0.0759,339,TCCCCATTCCATGAGCATG,CAUGCUCAUGGAAUGGGGA,0.4,0.25,0.6,0.38333333333333336
0.0759,340,CCCCATTCCATGAGCATGC,GCAUGCUCAUGGAAUGGGG,0.6,0.25,0.6,0.48333333333333334
0.1028,341,CCCATTCCATGAGCATGCA,UGCAUGCUCAUGGAAUGGG,0.8,0.6666666666666666,0.8,0.7555555555555555
0.094,342,CCATTCCATGAGCATGCAG,CUGCAUGCUCAUGGAAUGG,0.6,0.5,0.4,0.5333333333333333
0.1197,343,CATTCCATGAGCATGCAGA,UCUGCAUGCUCAUGGAAUG,1.0,0.5833333333333334,0.6,0.7944444444444444
0.1462,344,ATTCCATGAGCATGCAGAG,CUCUGCAUGCUCAUGGAAU,0.4,0.4166666666666667,0.4,0.4055555555555556
0.1364,345,TTCCATGAGCATGCAGAGG,CCUCUGCAUGCUCAUGGAA,0.4,0.3333333333333333,0.2,0.3444444444444445
0.1567,346,TCCATGAGCATGCAGAGGT,ACCUCUGCAUGCUCAUGGA,0.6,0.5,0.6,0.5666666666666667
0.176,347,CCATGAGCATGCAGAGGTG,CACCUCUGCAUGCUCAUGG,0.6,0.5,0.6,0.5666666666666667
0.2069,348,CATGAGCATGCAGAGGTGG,CCACCUCUGCAUGCUCAUG,0.6,0.16666666666666666,0.4,0.4222222222222222
0.2399,349,ATGAGCATGCAGAGGTGGT,ACCACCUCUGCAUGCUCAU,0.6,0.5,0.4,0.5333333333333333
0.2628,350,TGAGCATGCAGAGGTGGTA,UACCACCUCUGCAUGCUCA,0.6,0.6666666666666666,0.8,0.6555555555555554
0.0826,351,GAGCATGCAGAGGTGGTAT,AUACCACCUCUGCAUGCUC,1.0,0.5,0.8,0.7999999999999999
0.1054,352,AGCATGCAGAGGTGGTATT,AAUACCACCUCUGCAUGCU,0.8,0.6666666666666666,0.6,0.7222222222222222
0.0893,353,GCATGCAGAGGTGGTATTC,GAAUACCACCUCUGCAUGC,0.8,0.5833333333333334,0.6,0.6944444444444445
0.0826,354,CATGCAGAGGTGGTATTCA,UGAAUACCACCUCUGCAUG,1.0,0.6666666666666666,1.0,0.8888888888888888
0.0831,355,ATGCAGAGGTGGTATTCAC,GUGAAUACCACCUCUGCAU,0.6,0.5833333333333334,0.4,0.5611111111111111
0.1085,356,TGCAGAGGTGGTATTCACA,UGUGAAUACCACCUCUGCA,0.8,0.6666666666666666,0.8,0.7555555555555555
0.0197,357,GCAGAGGTGGTATTCACAG,CUGUGAAUACCACCUCUGC,0.8,0.5,0.6,0.6666666666666666
0.0194,358,CAGAGGTGGTATTCACAGC,GCUGUGAAUACCACCUCUG,0.6,0.5,0.6,0.5666666666666667
0.0341,359,AGAGGTGGTATTCACAGCC,GGCUGUGAAUACCACCUCU,0.4,0.4166666666666667,0.4,0.4055555555555556
0.0338,360,GAGGTGGTATTCACAGCCA,UGGCUGUGAAUACCACCUC,0.8,0.6666666666666666,0.8,0.7555555555555555
0.0474,361,AGGTGGTATTCACAGCCAA,UUGGCUGUGAAUACCACCU,0.6,0.6666666666666666,0.4,0.5888888888888888
0.0049,362,GGTGGTATTCACAGCCAAC,GUUGGCUGUGAAUACCACC,0.6,0.4166666666666667,0.4,0.5055555555555555
0.0034,363,GTGGTATTCACAGCCAACG,CGUUGGCUGUGAAUACCAC,0.6,0.3333333333333333,0.6,0.5111111111111111
0.0019,364,TGGTATTCACAGCCAACGA,UCGUUGGCUGUGAAUACCA,0.6,0.6666666666666666,0.4,0.5888888888888888
0.0014,365,GGTATTCACAGCCAACGAC,GUCGUUGGCUGUGAAUACC,0.6,0.4166666666666667,0.4,0.5055555555555555
0.0141,366,GTATTCACAGCCAACGACT,AGUCGUUGGCUGUGAAUAC,1.0,0.5833333333333334,0.6,0.7944444444444444
0.0176,367,TATTCACAGCCAACGACTC,GAGUCGUUGGCUGUGAAUA,0.4,0.4166666666666667,0.4,0.4055555555555556
0.0403,368,ATTCACAGCCAACGACTCC,GGAGUCGUUGGCUGUGAAU,0.4,0.4166666666666667,0.2,0.3722222222222223
0.0703,369,TTCACAGCCAACGACTCCG,CGGAGUCGUUGGCUGUGAA,0.4,0.16666666666666666,0.4,0.32222222222222224
0.1006,370,TCACAGCCAACGACTCCGG,CCGGAGUCGUUGGCUGUGA,0.4,0.3333333333333333,0.0,0.3111111111111111
0.134,371,CACAGCCAACGACTCCGGC,GCCGGAGUCGUUGGCUGUG,0.6,0.16666666666666666,0.2,0.3888888888888889
0.1775,372,ACAGCCAACGACTCCGGCC,GGCCGGAGUCGUUGGCUGU,0.4,0.25,0.0,0.2833333333333334
0.2082,373,CAGCCAACGACTCCGGCCC,GGGCCGGAGUCGUUGGCUG,0.6,0.16666666666666666,0.4,0.4222222222222222
0.1552,374,AGCCAACGACTCCGGCCCC,GGGGCCGGAGUCGUUGGCU,0.4,0.08333333333333333,0.2,0.2611111111111111
0.1073,375,GCCAACGACTCCGGCCCCC,GGGGGCCGGAGUCGUUGGC,0.6,0.08333333333333333,0.2,0.3611111111111111
0.1278,376,CCAACGACTCCGGCCCCCG,CGGGGGCCGGAGUCGUUGG,0.2,0.08333333333333333,0.2,0.16111111111111112
0.1662,377,CAACGACTCCGGCCCCCGC,GCGGGGGCCGGAGUCGUUG,0.2,0.16666666666666666,0.4,0.22222222222222224
0.215,378,AACGACTCCGGCCCCCGCC,GGCGGGGGCCGGAGUCGUU,0.0,0.08333333333333333,0.0,0.027777777777777776
0.2565,379,ACGACTCCGGCCCCCGCCG,CGGCGGGGGCCGGAGUCGU,0.0,0.08333333333333333,0.0,0.027777777777777776
0.2947,380,CGACTCCGGCCCCCGCCGC,GCGGCGGGGGCCGGAGUCG,0.2,0.16666666666666666,0.2,0.18888888888888888
0.2888,381,GACTCCGGCCCCCGCCGCT,AGCGGCGGGGGCCGGAGUC,0.4,0.25,0.4,0.35000000000000003
0.3356,382,ACTCCGGCCCCCGCCGCTA,UAGCGGCGGGGGCCGGAGU,0.2,0.3333333333333333,0.2,0.24444444444444444
0.349,383,CTCCGGCCCCCGCCGCTAC,GUAGCGGCGGGGGCCGGAG,0.2,0.25,0.4,0.25
0.3894,384,TCCGGCCCCCGCCGCTACA,UGUAGCGGCGGGGGCCGGA,0.2,0.5,0.4,0.3333333333333333
0.4344,385,CCGGCCCCCGCCGCTACAC,GUGUAGCGGCGGGGGCCGG,0.2,0.25,0.4,0.25
0.182,386,CGGCCCCCGCCGCTACACC,GGUGUAGCGGCGGGGGCCG,0.2,0.25,0.4,0.25
0.009,387,GGCCCCCGCCGCTACACCA,UGGUGUAGCGGCGGGGGCC,0.6,0.4166666666666667,0.6,0.5388888888888889
0.0057,388,GCCCCCGCCGCTACACCAT,AUGGUGUAGCGGCGGGGGC,0.6,0.4166666666666667,0.6,0.5388888888888889
0.0075,389,CCCCCGCCGCTACACCATT,AAUGGUGUAGCGGCGGGGG,0.6,0.4166666666666667,0.6,0.5388888888888889
0.0587,390,CCCCGCCGCTACACCATTG,CAAUGGUGUAGCGGCGGGG,0.8,0.4166666666666667,0.4,0.6055555555555556
0.1105,391,CCCGCCGCTACACCATTGC,GCAAUGGUGUAGCGGCGGG,0.6,0.4166666666666667,0.4,0.5055555555555555
0.1559,392,CCGCCGCTACACCATTGCC,GGCAAUGGUGUAGCGGCGG,0.6,0.3333333333333333,0.4,0.4777777777777777
0.2033,393,CGCCGCTACACCATTGCCG,CGGCAAUGGUGUAGCGGCG,0.6,0.25,0.4,0.44999999999999996
0.0098,394,GCCGCTACACCATTGCCGC,GCGGCAAUGGUGUAGCGGC,0.6,0.16666666666666666,0.2,0.3888888888888889
0.0093,395,CCGCTACACCATTGCCGCC,GGCGGCAAUGGUGUAGCGG,0.6,0.16666666666666666,0.4,0.4222222222222222
0.0197,396,CGCTACACCATTGCCGCCC,GGGCGGCAAUGGUGUAGCG,0.6,0.08333333333333333,0.2,0.3611111111111111
0.0057,397,GCTACACCATTGCCGCCCT,AGGGCGGCAAUGGUGUAGC,0.8,0.4166666666666667,0.6,0.638888888888889
0.0281,398,CTACACCATTGCCGCCCTG,CAGGGCGGCAAUGGUGUAG,0.6,0.4166666666666667,0.2,0.47222222222222227
0.0618,399,TACACCATTGCCGCCCTGC,GCAGGGCGGCAAUGGUGUA,0.4,0.16666666666666666,0.0,0.2555555555555556
0.1133,400,ACACCATTGCCGCCCTGCT,AGCAGGGCGGCAAUGGUGU,0.6,0.5,0.4,0.5333333333333333
0.1521,401,CACCATTGCCGCCCTGCTG,CAGCAGGGCGGCAAUGGUG,0.6,0.3333333333333333,0.2,0.4444444444444444
0.2002,402,ACCATTGCCGCCCTGCTGA,UCAGCAGGGCGGCAAUGGU,0.6,0.5,0.2,0.5
0.2469,403,CCATTGCCGCCCTGCTGAG,CUCAGCAGGGCGGCAAUGG,0.6,0.4166666666666667,0.2,0.47222222222222227
0.2906,404,CATTGCCGCCCTGCTGAGC,GCUCAGCAGGGCGGCAAUG,0.6,0.25,0.2,0.4166666666666667
0.3208,405,ATTGCCGCCCTGCTGAGCC,GGCUCAGCAGGGCGGCAAU,0.4,0.25,0.0,0.2833333333333334
0.3651,406,TTGCCGCCCTGCTGAGCCC,GGGCUCAGCAGGGCGGCAA,0.4,0.3333333333333333,0.2,0.3444444444444445
0.1684,407,TGCCGCCCTGCTGAGCCCC,GGGGCUCAGCAGGGCGGCA,0.4,0.0,0.0,0.20000000000000004
0.0354,408,GCCGCCCTGCTGAGCCCCT,AGGGGCUCAGCAGGGCGGC,0.8,0.25,0.6,0.5833333333333334
0.0368,409,CCGCCCTGCTGAGCCCCTA,UAGGGGCUCAGCAGGGCGG,0.8,0.4166666666666667,0.6,0.638888888888889
0.0524,410,CGCCCTGCTGAGCCCCTAC,GUAGGGGCUCAGCAGGGCG,0.6,0.25,0.4,0.44999999999999996
0.0245,411,GCCCTGCTGAGCCCCTACT,AGUAGGGGCUCAGCAGGGC,0.8,0.4166666666666667,0.6,0.638888888888889
0.0298,412,CCCTGCTGAGCCCCTACTC,GAGUAGGGGCUCAGCAGGG,0.6,0.3333333333333333,0.2,0.4444444444444444
0.0485,413,CCTGCTGAGCCCCTACTCC,GGAGUAGGGGCUCAGCAGG,0.6,0.25,0.2,0.4166666666666667
0.0625,414,CTGCTGAGCCCCTACTCCT,AGGAGUAGGGGCUCAGCAG,1.0,0.3333333333333333,0.6,0.7111111111111111
0.0723,415,TGCTGAGCCCCTACTCCTA,UAGGAGUAGGGGCUCAGCA,0.8,0.5,0.8,0.7000000000000001
0.036,416,GCTGAGCCCCTACTCCTAT,AUAGGAGUAGGGGCUCAGC,1.0,0.4166666666666667,0.8,0.7722222222222223
0.0466,417,CTGAGCCCCTACTCCTATT,AAUAGGAGUAGGGGCUCAG,1.0,0.6666666666666666,0.8,0.8555555555555555
0.0717,418,TGAGCCCCTACTCCTATTC,GAAUAGGAGUAGGGGCUCA,0.6,0.5833333333333334,0.4,0.5611111111111111
0.0638,419,GAGCCCCTACTCCTATTCC,GGAAUAGGAGUAGGGGCUC,0.8,0.3333333333333333,0.6,0.6111111111111112
0.0868,420,AGCCCCTACTCCTATTCCA,UGGAAUAGGAGUAGGGGCU,0.8,0.6666666666666666,0.6,0.7222222222222222
0.0772,421,GCCCCTACTCCTATTCCAC,GUGGAAUAGGAGUAGGGGC,0.8,0.25,0.6,0.5833333333333334
0.0912,422,CCCCTACTCCTATTCCACC,GGUGGAAUAGGAGUAGGGG,0.6,0.16666666666666666,0.8,0.48888888888888893
0.0456,423,CCCTACTCCTATTCCACCA,UGGUGGAAUAGGAGUAGGG,0.8,0.6666666666666666,0.8,0.7555555555555555
0.0655,424,CCTACTCCTATTCCACCAC,GUGGUGGAAUAGGAGUAGG,0.6,0.4166666666666667,0.6,0.5388888888888889
0.091,425,CTACTCCTATTCCACCACG,CGUGGUGGAAUAGGAGUAG,0.6,0.5,0.4,0.5333333333333333
0.1151,426,TACTCCTATTCCACCACGG,CCGUGGUGGAAUAGGAGUA,0.4,0.4166666666666667,0.2,0.3722222222222223
0.1629,427,ACTCCTATTCCACCACGGC,GCCGUGGUGGAAUAGGAGU,0.4,0.25,0.2,0.3166666666666667
0.1714,428,CTCCTATTCCACCACGGCT,AGCCGUGGUGGAAUAGGAG,0.8,0.3333333333333333,0.8,0.6444444444444445
0.1132,429,TCCTATTCCACCACGGCTG,CAGCCGUGGUGGAAUAGGA,0.4,0.25,0.2,0.3166666666666667
0.1136,430,CCTATTCCACCACGGCTGT,ACAGCCGUGGUGGAAUAGG,0.8,0.4166666666666667,0.6,0.638888888888889
0.1298,431,CTATTCCACCACGGCTGTC,GACAGCCGUGGUGGAAUAG,0.6,0.3333333333333333,0.4,0.4777777777777777
0.1419,432,TATTCCACCACGGCTGTCG,CGACAGCCGUGGUGGAAUA,0.4,0.25,0.2,0.3166666666666667
0.1809,433,ATTCCACCACGGCTGTCGT,ACGACAGCCGUGGUGGAAU,0.6,0.4166666666666667,0.6,0.5388888888888889
0.2122,434,TTCCACCACGGCTGTCGTC,GACGACAGCCGUGGUGGAA,0.4,0.3333333333333333,0.0,0.3111111111111111
0.1994,435,TCCACCACGGCTGTCGTCA,UGACGACAGCCGUGGUGGA,0.6,0.4166666666666667,0.4,0.5055555555555555
0.2129,436,CCACCACGGCTGTCGTCAC,GUGACGACAGCCGUGGUGG,0.6,0.4166666666666667,0.6,0.5388888888888889
0.2302,437,CACCACGGCTGTCGTCACC,GGUGACGACAGCCGUGGUG,0.6,0.4166666666666667,0.4,0.5055555555555555
0.2617,438,ACCACGGCTGTCGTCACCA,UGGUGACGACAGCCGUGGU,0.6,0.4166666666666667,0.4,0.5055555555555555
0.2497,439,CCACGGCTGTCGTCACCAA,UUGGUGACGACAGCCGUGG,1.0,0.75,0.6,0.85
0.2869,440,CACGGCTGTCGTCACCAAT,AUUGGUGACGACAGCCGUG,1.0,0.5,0.8,0.7999999999999999
0.31,441,ACGGCTGTCGTCACCAATC,GAUUGGUGACGACAGCCGU,0.6,0.4166666666666667,0.4,0.5055555555555555
0.3369,442,CGGCTGTCGTCACCAATCC,GGAUUGGUGACGACAGCCG,0.6,0.5,0.4,0.5333333333333333
0.0436,443,GGCTGTCGTCACCAATCCC,GGGAUUGGUGACGACAGCC,0.6,0.3333333333333333,0.4,0.4777777777777777
0.0384,444,GCTGTCGTCACCAATCCCA,UGGGAUUGGUGACGACAGC,1.0,0.5,0.8,0.7999999999999999
0.0567,445,CTGTCGTCACCAATCCCAA,UUGGGAUUGGUGACGACAG,1.0,0.5833333333333334,0.8,0.8277777777777778
0.0829,446,TGTCGTCACCAATCCCAAG,CUUGGGAUUGGUGACGACA,0.4,0.4166666666666667,0.4,0.4055555555555556
0.0748,447,GTCGTCACCAATCCCAAGG,CCUUGGGAUUGGUGACGAC,0.6,0.3333333333333333,0.6,0.5111111111111111
0.0954,448,TCGTCACCAATCCCAAGGA,UCCUUGGGAUUGGUGACGA,0.6,0.6666666666666666,0.8,0.6555555555555554
0.1253,449,CGTCACCAATCCCAAGGAA,UUCCUUGGGAUUGGUGACG,1.0,0.75,0.8,0.8833333333333333
0.0529,450,GTCACCAATCCCAAGGAAT,AUUCCUUGGGAUUGGUGAC,1.0,0.5833333333333334,0.6,0.7944444444444444
0.0632,451,TCACCAATCCCAAGGAATG,CAUUCCUUGGGAUUGGUGA,0.6,0.5833333333333334,0.4,0.5611111111111111
0.0521,452,CACCAATCCCAAGGAATGA,UCAUUCCUUGGGAUUGGUG,1.0,0.6666666666666666,1.0,0.8888888888888888
0.0938,453,ACCAATCCCAAGGAATGAG,CUCAUUCCUUGGGAUUGGU,0.6,0.4166666666666667,0.4,0.5055555555555555
0.0929,454,CCAATCCCAAGGAATGAGG,CCUCAUUCCUUGGGAUUGG,0.8,0.5,0.6,0.6666666666666666
0.0982,455,CAATCCCAAGGAATGAGGG,CCCUCAUUCCUUGGGAUUG,0.6,0.4166666666666667,0.4,0.5055555555555555
0.1339,456,AATCCCAAGGAATGAGGGA,UCCCUCAUUCCUUGGGAUU,0.6,0.5833333333333334,0.4,0.5611111111111111
0.1742,457,ATCCCAAGGAATGAGGGAC,GUCCCUCAUUCCUUGGGAU,0.4,0.25,0.6,0.38333333333333336
0.1245,458,TCCCAAGGAATGAGGGACT,AGUCCCUCAUUCCUUGGGA,0.6,0.5,0.8,0.6
0.1276,459,CCCAAGGAATGAGGGACTT,AAGUCCCUCAUUCCUUGGG,0.8,0.5833333333333334,0.8,0.7277777777777779
0.1356,460,CCAAGGAATGAGGGACTTC,GAAGUCCCUCAUUCCUUGG,0.6,0.5,0.4,0.5333333333333333
0.1761,461,CAAGGAATGAGGGACTTCT,AGAAGUCCCUCAUUCCUUG,1.0,0.5833333333333334,0.8,0.8277777777777778
0.2232,462,AAGGAATGAGGGACTTCTC,GAGAAGUCCCUCAUUCCUU,0.6,0.5,0.4,0.5333333333333333
0.1951,463,AGGAATGAGGGACTTCTCC,GGAGAAGUCCCUCAUUCCU,0.4,0.4166666666666667,0.2,0.3722222222222223
0.0496,464,GGAATGAGGGACTTCTCCT,AGGAGAAGUCCCUCAUUCC,1.0,0.5833333333333334,0.8,0.8277777777777778
0.0498,465,GAATGAGGGACTTCTCCTC,GAGGAGAAGUCCCUCAUUC,0.6,0.5,0.8,0.6
0.0672,466,AATGAGGGACTTCTCCTCC,GGAGGAGAAGUCCCUCAUU,0.4,0.3333333333333333,0.2,0.3444444444444445
0.0888,467,ATGAGGGACTTCTCCTCCA,UGGAGGAGAAGUCCCUCAU,0.6,0.6666666666666666,0.6,0.6222222222222221
0.0881,468,TGAGGGACTTCTCCTCCAG,CUGGAGGAGAAGUCCCUCA,0.4,0.5,0.2,0.4000000000000001
0.0816,469,GAGGGACTTCTCCTCCAGT,ACUGGAGGAGAAGUCCCUC,0.8,0.4166666666666667,0.8,0.6722222222222224
0.0965,470,AGGGACTTCTCCTCCAGTG,CACUGGAGGAGAAGUCCCU,0.4,0.4166666666666667,0.2,0.3722222222222223
0.0143,471,GGGACTTCTCCTCCAGTGG,CCACUGGAGGAGAAGUCCC,0.6,0.3333333333333333,0.2,0.4444444444444444
0.0175,472,GGACTTCTCCTCCAGTGGA,UCCACUGGAGGAGAAGUCC,0.8,0.5833333333333334,0.6,0.6944444444444445
0.014,473,GACTTCTCCTCCAGTGGAC,GUCCACUGGAGGAGAAGUC,0.6,0.4166666666666667,0.4,0.5055555555555555
0.0384,474,ACTTCTCCTCCAGTGGACC,GGUCCACUGGAGGAGAAGU,0.4,0.16666666666666666,0.2,0.2888888888888889
0.0356,475,CTTCTCCTCCAGTGGACCT,AGGUCCACUGGAGGAGAAG,0.8,0.4166666666666667,0.6,0.638888888888889
0.0673,476,TTCTCCTCCAGTGGACCTG,CAGGUCCACUGGAGGAGAA,0.4,0.25,0.2,0.3166666666666667
0.0884,477,TCTCCTCCAGTGGACCTGA,UCAGGUCCACUGGAGGAGA,0.6,0.4166666666666667,0.4,0.5055555555555555
0.0719,478,CTCCTCCAGTGGACCTGAA,UUCAGGUCCACUGGAGGAG,1.0,0.6666666666666666,0.8,0.8555555555555555
0.0594,479,TCCTCCAGTGGACCTGAAG,CUUCAGGUCCACUGGAGGA,0.4,0.4166666666666667,0.2,0.3722222222222223
0.044,480,CCTCCAGTGGACCTGAAGG,CCUUCAGGUCCACUGGAGG,0.6,0.3333333333333333,0.6,0.5111111111111111
0.0447,481,CTCCAGTGGACCTGAAGGA,UCCUUCAGGUCCACUGGAG,1.0,0.5833333333333334,0.8,0.8277777777777778
0.0565,482,TCCAGTGGACCTGAAGGAC,GUCCUUCAGGUCCACUGGA,0.4,0.25,0.2,0.3166666666666667
0.0654,483,CCAGTGGACCTGAAGGACG,CGUCCUUCAGGUCCACUGG,0.6,0.3333333333333333,0.4,0.4777777777777777
0.0683,484,CAGTGGACCTGAAGGACGA,UCGUCCUUCAGGUCCACUG,0.8,0.5833333333333334,0.8,0.7277777777777779
0.0978,485,AGTGGACCTGAAGGACGAG,CUCGUCCUUCAGGUCCACU,0.4,0.25,0.4,0.35000000000000003
0.0344,486,GTGGACCTGAAGGACGAGG,CCUCGUCCUUCAGGUCCAC,0.6,0.16666666666666666,0.4,0.4222222222222222
0.052,487,TGGACCTGAAGGACGAGGG,CCCUCGUCCUUCAGGUCCA,0.4,0.25,0.0,0.2833333333333334
0.0402,488,GGACCTGAAGGACGAGGGA,UCCCUCGUCCUUCAGGUCC,0.8,0.5833333333333334,0.4,0.6611111111111112
0.0556,489,GACCTGAAGGACGAGGGAT,AUCCCUCGUCCUUCAGGUC,0.8,0.3333333333333333,0.6,0.6111111111111112
0.0862,490,ACCTGAAGGACGAGGGATG,CAUCCCUCGUCCUUCAGGU,0.4,0.3333333333333333,0.4,0.37777777777777777
0.1346,491,CCTGAAGGACGAGGGATGG,CCAUCCCUCGUCCUUCAGG,0.6,0.25,0.4,0.44999999999999996
0.0747,492,CTGAAGGACGAGGGATGGG,CCCAUCCCUCGUCCUUCAG,0.6,0.25,0.2,0.4166666666666667
0.0982,493,TGAAGGACGAGGGATGGGA,UCCCAUCCCUCGUCCUUCA,0.6,0.5,0.4,0.5333333333333333
0.0872,494,GAAGGACGAGGGATGGGAT,AUCCCAUCCCUCGUCCUUC,1.0,0.5,0.8,0.7999999999999999
0.1303,495,AAGGACGAGGGATGGGATT,AAUCCCAUCCCUCGUCCUU,0.8,0.5833333333333334,0.6,0.6944444444444445
0.0359,496,AGGACGAGGGATGGGATTT,AAAUCCCAUCCCUCGUCCU,0.8,0.5833333333333334,0.6,0.6944444444444445
0.0149,497,GGACGAGGGATGGGATTTC,GAAAUCCCAUCCCUCGUCC,0.8,0.5,0.8,0.7000000000000001
0.0052,498,GACGAGGGATGGGATTTCA,UGAAAUCCCAUCCCUCGUC,1.0,0.75,0.8,0.8833333333333333
0.0082,499,ACGAGGGATGGGATTTCAT,AUGAAAUCCCAUCCCUCGU,0.8,0.6666666666666666,0.6,0.7222222222222222
0.0498,500,CGAGGGATGGGATTTCATG,CAUGAAAUCCCAUCCCUCG,0.8,0.5833333333333334,0.6,0.6944444444444445
0.0516,501,GAGGGATGGGATTTCATGT,ACAUGAAAUCCCAUCCCUC,1.0,0.5833333333333334,1.0,0.8611111111111112
0.0105,502,AGGGATGGGATTTCATGTA,UACAUGAAAUCCCAUCCCU,0.8,0.75,0.6,0.75
0.0049,503,GGGATGGGATTTCATGTAA,UUACAUGAAAUCCCAUCCC,1.0,0.8333333333333334,0.8,0.9111111111111111
0.0024,504,GGATGGGATTTCATGTAAC,GUUACAUGAAAUCCCAUCC,0.8,0.6666666666666666,0.6,0.7222222222222222
0.0035,505,GATGGGATTTCATGTAACC,GGUUACAUGAAAUCCCAUC,0.8,0.5833333333333334,0.6,0.6944444444444445
0.0118,506,ATGGGATTTCATGTAACCA,UGGUUACAUGAAAUCCCAU,0.8,0.5833333333333334,0.6,0.6944444444444445
0.0096,507,TGGGATTTCATGTAACCAA,UUGGUUACAUGAAAUCCCA,0.8,0.6666666666666666,0.6,0.7222222222222222
0.006,508,GGGATTTCATGTAACCAAG,CUUGGUUACAUGAAAUCCC,0.8,0.5,0.6,0.6666666666666666
0.0043,509,GGATTTCATGTAACCAAGA,UCUUGGUUACAUGAAAUCC,1.0,0.75,0.6,0.85
0.0063,510,GATTTCATGTAACCAAGAG,CUCUUGGUUACAUGAAAUC,0.6,0.5833333333333334,0.4,0.5611111111111111
0.0104,511,ATTTCATGTAACCAAGAGT,ACUCUUGGUUACAUGAAAU,0.8,0.5833333333333334,0.4,0.6611111111111112
0.0224,512,TTTCATGTAACCAAGAGTA,UACUCUUGGUUACAUGAAA,0.8,0.6666666666666666,0.2,0.6555555555555556
0.0341,513,TTCATGTAACCAAGAGTAT,AUACUCUUGGUUACAUGAA,0.8,0.6666666666666666,0.2,0.6555555555555556
0.0344,514,TCATGTAACCAAGAGTATT,AAUACUCUUGGUUACAUGA,0.8,0.6666666666666666,0.4,0.688888888888889
0.0396,515,CATGTAACCAAGAGTATTC,GAAUACUCUUGGUUACAUG,0.8,0.5833333333333334,0.8,0.7277777777777779
0.0894,516,ATGTAACCAAGAGTATTCC,GGAAUACUCUUGGUUACAU,0.6,0.4166666666666667,0.4,0.5055555555555555
0.0605,517,TGTAACCAAGAGTATTCCA,UGGAAUACUCUUGGUUACA,0.8,0.6666666666666666,0.4,0.688888888888889
0.0636,518,GTAACCAAGAGTATTCCAT,AUGGAAUACUCUUGGUUAC,1.0,0.6666666666666666,0.8,0.8555555555555555
0.1114,519,TAACCAAGAGTATTCCATT,AAUGGAAUACUCUUGGUUA,0.8,0.6666666666666666,0.6,0.7222222222222222
0.1599,520,AACCAAGAGTATTCCATTT,AAAUGGAAUACUCUUGGUU,0.8,0.75,0.6,0.75
0.2095,521,ACCAAGAGTATTCCATTTT,AAAAUGGAAUACUCUUGGU,0.8,0.6666666666666666,0.4,0.688888888888889
0.2346,522,CCAAGAGTATTCCATTTTT,AAAAAUGGAAUACUCUUGG,1.0,0.8333333333333334,0.8,0.9111111111111111
0.0814,523,CAAGAGTATTCCATTTTTA,UAAAAAUGGAAUACUCUUG,1.0,0.8333333333333334,0.6,0.8777777777777778
0.0837,524,AAGAGTATTCCATTTTTAC,GUAAAAAUGGAAUACUCUU,0.6,0.4166666666666667,0.0,0.4388888888888889
0.1262,525,AGAGTATTCCATTTTTACT,AGUAAAAAUGGAAUACUCU,0.8,0.5833333333333334,0.6,0.6944444444444445
0.0364,526,GAGTATTCCATTTTTACTA,UAGUAAAAAUGGAAUACUC,1.0,0.5833333333333334,0.6,0.7944444444444444
0.0336,527,AGTATTCCATTTTTACTAA,UUAGUAAAAAUGGAAUACU,0.8,0.6666666666666666,0.4,0.688888888888889
0.0382,528,GTATTCCATTTTTACTAAA,UUUAGUAAAAAUGGAAUAC,1.0,0.75,0.6,0.85
0.0859,529,TATTCCATTTTTACTAAAG,CUUUAGUAAAAAUGGAAUA,0.6,0.5,0.2,0.5
0.029,530,ATTCCATTTTTACTAAAGC,GCUUUAGUAAAAAUGGAAU,0.6,0.4166666666666667,0.2,0.47222222222222227
0.0189,531,TTCCATTTTTACTAAAGCA,UGCUUUAGUAAAAAUGGAA,0.8,0.5833333333333334,0.2,0.6277777777777779
0.0137,532,TCCATTTTTACTAAAGCAG,CUGCUUUAGUAAAAAUGGA,0.6,0.3333333333333333,0.0,0.41111111111111104
0.008,533,CCATTTTTACTAAAGCAGT,ACUGCUUUAGUAAAAAUGG,1.0,0.5,0.4,0.7333333333333334
0.004,534,CATTTTTACTAAAGCAGTG,CACUGCUUUAGUAAAAAUG,0.6,0.4166666666666667,0.2,0.47222222222222227
0.0052,535,ATTTTTACTAAAGCAGTGT,ACACUGCUUUAGUAAAAAU,0.6,0.3333333333333333,0.2,0.4444444444444444
0.0093,536,TTTTTACTAAAGCAGTGTT,AACACUGCUUUAGUAAAAA,0.8,0.4166666666666667,0.4,0.6055555555555556
0.0326,537,TTTTACTAAAGCAGTGTTT,AAACACUGCUUUAGUAAAA,0.8,0.5,0.2,0.6000000000000001
0.0703,538,TTTACTAAAGCAGTGTTTT,AAAACACUGCUUUAGUAAA,0.8,0.4166666666666667,0.2,0.5722222222222223
0.1096,539,TTACTAAAGCAGTGTTTTC,GAAAACACUGCUUUAGUAA,0.6,0.5833333333333334,0.2,0.5277777777777778
0.1212,540,TACTAAAGCAGTGTTTTCA,UGAAAACACUGCUUUAGUA,0.8,0.5833333333333334,0.6,0.6944444444444445
0.147,541,ACTAAAGCAGTGTTTTCAC,GUGAAAACACUGCUUUAGU,0.6,0.4166666666666667,0.4,0.5055555555555555
0.1631,542,CTAAAGCAGTGTTTTCACC,GGUGAAAACACUGCUUUAG,0.8,0.5,0.6,0.6666666666666666
0.1884,543,TAAAGCAGTGTTTTCACCT,AGGUGAAAACACUGCUUUA,0.8,0.5,0.4,0.6333333333333334
0.2121,544,AAAGCAGTGTTTTCACCTC,GAGGUGAAAACACUGCUUU,0.4,0.5,0.6,0.46666666666666673
0.2428,545,AAGCAGTGTTTTCACCTCA,UGAGGUGAAAACACUGCUU,0.6,0.5833333333333334,0.6,0.5944444444444444
0.201,546,AGCAGTGTTTTCACCTCAT,AUGAGGUGAAAACACUGCU,0.8,0.5833333333333334,0.6,0.6944444444444445
0.1979,547,GCAGTGTTTTCACCTCATA,UAUGAGGUGAAAACACUGC,1.0,0.8333333333333334,0.8,0.9111111111111111
0.2181,548,CAGTGTTTTCACCTCATAT,AUAUGAGGUGAAAACACUG,1.0,0.5833333333333334,0.6,0.7944444444444444
0.163,549,AGTGTTTTCACCTCATATG,CAUAUGAGGUGAAAACACU,0.6,0.5,0.2,0.5
0.1021,550,GTGTTTTCACCTCATATGC,GCAUAUGAGGUGAAAACAC,0.8,0.4166666666666667,0.4,0.6055555555555556
0.0905,551,TGTTTTCACCTCATATGCT,AGCAUAUGAGGUGAAAACA,0.8,0.5,0.4,0.6333333333333334
0.0729,552,GTTTTCACCTCATATGCTA,UAGCAUAUGAGGUGAAAAC,1.0,0.6666666666666666,0.8,0.8555555555555555
0.1089,553,TTTTCACCTCATATGCTAT,AUAGCAUAUGAGGUGAAAA,0.8,0.5,0.6,0.6666666666666666
0.147,554,TTTCACCTCATATGCTATG,CAUAGCAUAUGAGGUGAAA,0.6,0.5,0.4,0.5333333333333333
0.1851,555,TTCACCTCATATGCTATGT,ACAUAGCAUAUGAGGUGAA,0.8,0.6666666666666666,0.6,0.7222222222222222
0.1796,556,TCACCTCATATGCTATGTT,AACAUAGCAUAUGAGGUGA,0.8,0.75,0.6,0.75
0.1365,557,CACCTCATATGCTATGTTA,UAACAUAGCAUAUGAGGUG,1.0,0.8333333333333334,0.8,0.9111111111111111
0.1659,558,ACCTCATATGCTATGTTAG,CUAACAUAGCAUAUGAGGU,0.6,0.5,0.4,0.5333333333333333
0.1368,559,CCTCATATGCTATGTTAGA,UCUAACAUAGCAUAUGAGG,1.0,0.75,0.8,0.8833333333333333
0.1608,560,CTCATATGCTATGTTAGAA,UUCUAACAUAGCAUAUGAG,1.0,0.75,0.8,0.8833333333333333
0.1819,561,TCATATGCTATGTTAGAAG,CUUCUAACAUAGCAUAUGA,0.6,0.5833333333333334,0.2,0.5277777777777778
0.0809,562,CATATGCTATGTTAGAAGT,ACUUCUAACAUAGCAUAUG,1.0,0.6666666666666666,0.6,0.8222222222222221
0.0945,563,ATATGCTATGTTAGAAGTC,GACUUCUAACAUAGCAUAU,0.6,0.5833333333333334,0.0,0.49444444444444446
0.1155,564,TATGCTATGTTAGAAGTCC,GGACUUCUAACAUAGCAUA,0.4,0.4166666666666667,0.2,0.3722222222222223
0.1578,565,ATGCTATGTTAGAAGTCCA,UGGACUUCUAACAUAGCAU,0.8,0.6666666666666666,0.6,0.7222222222222222
0.0568,566,TGCTATGTTAGAAGTCCAG,CUGGACUUCUAACAUAGCA,0.4,0.4166666666666667,0.2,0.3722222222222223
0.0438,567,GCTATGTTAGAAGTCCAGG,CCUGGACUUCUAACAUAGC,0.6,0.25,0.4,0.44999999999999996
0.0368,568,CTATGTTAGAAGTCCAGGC,GCCUGGACUUCUAACAUAG,0.6,0.4166666666666667,0.4,0.5055555555555555
0.0468,569,TATGTTAGAAGTCCAGGCA,UGCCUGGACUUCUAACAUA,0.6,0.5833333333333334,0.4,0.5611111111111111
0.0784,570,ATGTTAGAAGTCCAGGCAG,CUGCCUGGACUUCUAACAU,0.4,0.3333333333333333,0.4,0.37777777777777777
0.0976,571,TGTTAGAAGTCCAGGCAGA,UCUGCCUGGACUUCUAACA,0.6,0.6666666666666666,0.4,0.5888888888888888
0.1027,572,GTTAGAAGTCCAGGCAGAG,CUCUGCCUGGACUUCUAAC,0.6,0.3333333333333333,0.6,0.5111111111111111
0.1065,573,TTAGAAGTCCAGGCAGAGA,UCUCUGCCUGGACUUCUAA,0.6,0.6666666666666666,0.6,0.6222222222222221
0.1158,574,TAGAAGTCCAGGCAGAGAC,GUCUCUGCCUGGACUUCUA,0.4,0.4166666666666667,0.2,0.3722222222222223
0.1407,575,AGAAGTCCAGGCAGAGACA,UGUCUCUGCCUGGACUUCU,0.8,0.75,0.4,0.7166666666666668
0.1623,576,GAAGTCCAGGCAGAGACAA,UUGUCUCUGCCUGGACUUC,1.0,0.6666666666666666,0.8,0.8555555555555555
0.2047,577,AAGTCCAGGCAGAGACAAT,AUUGUCUCUGCCUGGACUU,0.8,0.6666666666666666,0.6,0.7222222222222222
0.2414,578,AGTCCAGGCAGAGACAATA,UAUUGUCUCUGCCUGGACU,0.8,0.6666666666666666,0.8,0.7555555555555555
0.1638,579,GTCCAGGCAGAGACAATAA,UUAUUGUCUCUGCCUGGAC,1.0,0.8333333333333334,0.8,0.9111111111111111
0.1658,580,TCCAGGCAGAGACAATAAA,UUUAUUGUCUCUGCCUGGA,0.8,0.8333333333333334,0.6,0.7777777777777778
0.1037,581,CCAGGCAGAGACAATAAAA,UUUUAUUGUCUCUGCCUGG,1.0,0.8333333333333334,0.8,0.9111111111111111
0.0932,582,CAGGCAGAGACAATAAAAC,GUUUUAUUGUCUCUGCCUG,0.8,0.5,0.8,0.7000000000000001
0.1231,583,AGGCAGAGACAATAAAACA,UGUUUUAUUGUCUCUGCCU,0.8,0.6666666666666666,0.6,0.7222222222222222
0.0804,584,GGCAGAGACAATAAAACAT,AUGUUUUAUUGUCUCUGCC,1.0,0.5833333333333334,1.0,0.8611111111111112
0.0788,585,GCAGAGACAATAAAACATT,AAUGUUUUAUUGUCUCUGC,1.0,0.6666666666666666,0.6,0.8222222222222221
0.1021,586,CAGAGACAATAAAACATTC,GAAUGUUUUAUUGUCUCUG,0.8,0.5,0.6,0.6666666666666666
0.1286,587,AGAGACAATAAAACATTCC,GGAAUGUUUUAUUGUCUCU,0.6,0.5,0.2,0.5
0.1172,588,GAGACAATAAAACATTCCT,AGGAAUGUUUUAUUGUCUC,1.0,0.5,0.8,0.7999999999999999
0.1559,589,AGACAATAAAACATTCCTG,CAGGAAUGUUUUAUUGUCU,0.6,0.4166666666666667,0.2,0.47222222222222227
0.0602,590,GACAATAAAACATTCCTGT,ACAGGAAUGUUUUAUUGUC,1.0,0.4166666666666667,0.4,0.7055555555555556
0.0774,591,ACAATAAAACATTCCTGTG,CACAGGAAUGUUUUAUUGU,0.4,0.4166666666666667,0.2,0.3722222222222223
0.0937,592,CAATAAAACATTCCTGTGA,UCACAGGAAUGUUUUAUUG,0.8,0.6666666666666666,0.6,0.7222222222222222
0.1397,593,AATAAAACATTCCTGTGAA,UUCACAGGAAUGUUUUAUU,0.8,0.5833333333333334,0.4,0.6611111111111112
0.1921,594,ATAAAACATTCCTGTGAAA,UUUCACAGGAAUGUUUUAU,0.8,0.75,0.4,0.7166666666666668
0.2354,595,TAAAACATTCCTGTGAAAG,CUUUCACAGGAAUGUUUUA,0.6,0.4166666666666667,0.0,0.4388888888888889
0.2328,596,AAAACATTCCTGTGAAAGG,CCUUUCACAGGAAUGUUUU,0.6,0.5,0.4,0.5333333333333333
0.2604,597,AAACATTCCTGTGAAAGGC,GCCUUUCACAGGAAUGUUU,0.4,0.5,0.2,0.4000000000000001
0.2364,598,AACATTCCTGTGAAAGGCA,UGCCUUUCACAGGAAUGUU,0.8,0.5833333333333334,0.4,0.6611111111111112
